pos_x,pos_y,rotation,side,designator,mpn,pack,footprint,value,mount_type
210.185,-81.915,180.0,top,C1,,,C_0805_2012Metric,10uF,smt
233.953793,-109.861266,90.0,top,C10,,,C_0805_2012Metric,10uF,smt
227.965,-102.235,180.0,top,C11,,,C_0805_2012Metric,0.1uF,smt
227.940514,-106.457384,180.0,top,C12,,,C_0805_2012Metric,10uF,smt
227.959651,-104.30798,0.0,top,C13,,,C_0805_2012Metric,0.1uF,smt
210.82,-101.6,90.0,top,C14,,,C_0805_2012Metric,0.01uF,smt
207.645,-100.965,180.0,top,C15,,,C_0805_2012Metric,10uF,smt
207.645,-103.505,0.0,top,C16,,,C_0805_2012Metric,2.2uF,smt
245.14287,-103.111482,0.0,top,C17,,,C_0805_2012Metric,0.01uF,smt
245.11,-105.41,180.0,top,C18,,,C_0805_2012Metric,2.2uF,smt
245.11,-100.965,0.0,top,C19,,,C_0805_2012Metric,10uF,smt
210.185,-84.455,180.0,top,C2,,,C_0805_2012Metric,1uF,smt
231.577981,-109.843924,90.0,top,C20,,,C_0805_2012Metric,1uF,smt
214.63,-81.915,180.0,top,C3,,,C_0805_2012Metric,0.1uF,smt
234.95,-118.11,180.0,top,C4,,,C_0805_2012Metric,10u,smt
240.08,-108.9097,0.0,top,C5,,,C_0805_2012Metric,22uF,smt
240.08,-113.9897,0.0,top,C6,,,C_0805_2012Metric,470pF,smt
240.08,-111.4497,0.0,top,C7,,,C_0805_2012Metric,10uF,smt
219.71,-120.015,90.0,top,C8,,,C_0805_2012Metric,10uF,smt
236.22,-109.855,90.0,top,C9,,,C_0805_2012Metric,0.1uF,smt
242.3668,-119.5324,0.0,top,D1,,,D_SMC,SS34,smt
243.9025,-111.4497,0.0,top,D2,,,LED_0805_2012Metric,LED,smt
208.28,-121.285,0.0,top,D3,,,LED_0805_2012Metric,LED,smt
212.725,-123.4948,180.0,top,D4,,,LED_0805_2012Metric,LED,smt
238.76,-85.260087,180.0,top,D5,,,LED_0805_2012Metric,LED,smt
238.733448,-83.2104,180.0,top,D6,,,LED_0805_2012Metric,LED,smt
238.7282,-81.161705,180.0,top,D7,,,LED_0805_2012Metric,LED,smt
226.06,-120.65,0.0,top,J1,,,USB_C_Receptacle_G-Switch_GT-USB-7010ASV,USB_C_Receptacle_USB2.0_16P,smt
208.8896,-118.3132,180.0,bottom,J2,,,JST_SMD_2.0mm-2,JST_2mm_LiPo,tht
238.76,-97.71,180.0,top,J3,,,PinHeader_1x06_P2.00mm_Vertical,Conn_01x06_Socket,tht
213.995,-97.71,180.0,top,J4,,,PinHeader_1x06_P2.00mm_Vertical,Conn_01x06_Socket,tht
200.2028,-75.2856,-45.0,top,J5,,,PinHeader_1x02_P2.00mm_Vertical,Conn_01x02_Socket,tht
200.8124,-129.0828,-135.0,top,J6,,,PinHeader_1x02_P2.00mm_Vertical,Conn_01x02_Socket,tht
251.2568,-127.762,135.0,top,J7,,,PinHeader_1x02_P2.00mm_Vertical,Conn_01x02_Socket,tht
252.6284,-75.3364,45.0,top,J8,,,PinHeader_1x02_P2.00mm_Vertical,Conn_01x02_Socket,tht
234.95,-121.285,90.0,top,Q1,,,SOT-23,AO3401A,smt
240.03,-100.33,180.0,top,R1,,,R_0805_2012Metric_Pad1.20x1.40mm_HandSolder,10k,smt
219.71,-116.205,90.0,top,R10,,,R_0805_2012Metric_Pad1.20x1.40mm_HandSolder,100k,smt
242.468263,-85.260087,0.0,top,R11,,,R_0805_2012Metric_Pad1.20x1.40mm_HandSolder,1k,smt
242.543448,-83.242783,0.0,top,R12,,,R_0805_2012Metric_Pad1.20x1.40mm_HandSolder,1k,smt
242.52025,-81.173266,0.0,top,R13,,,R_0805_2012Metric_Pad1.20x1.40mm_HandSolder,1k,smt
214.63,-109.855,0.0,top,R14,,,R_0805_2012Metric_Pad1.20x1.40mm_HandSolder,1k,smt
210.185,-112.395,180.0,top,R15,,,R_0805_2012Metric_Pad1.20x1.40mm_HandSolder,10k,smt
214.63,-112.395,0.0,top,R16,,,R_0805_2012Metric_Pad1.20x1.40mm_HandSolder,1k,smt
231.775,-113.665,90.0,top,R17,,,R_0805_2012Metric_Pad1.20x1.40mm_HandSolder,22.1k,smt
210.185,-109.855,0.0,top,R18,,,R_0805_2012Metric_Pad1.20x1.40mm_HandSolder,47.5k,smt
240.03,-106.045,0.0,top,R19,,,R_0805_2012Metric_Pad1.20x1.40mm_HandSolder,10k,smt
214.589955,-83.971134,0.0,top,R2,,,R_0805_2012Metric_Pad1.20x1.40mm_HandSolder,10k,smt
240.03,-104.14,180.0,top,R20,,,R_0805_2012Metric_Pad1.20x1.40mm_HandSolder,10k,smt
240.03,-102.235,180.0,top,R21,,,R_0805_2012Metric_Pad1.20x1.40mm_HandSolder,4.7k,smt
207.223801,-83.052787,90.0,top,R22,,,R_0805_2012Metric_Pad1.20x1.40mm_HandSolder,200m,smt
242.49709,-87.422018,0.0,top,R23,,,R_0805_2012Metric_Pad1.20x1.40mm_HandSolder,200m,smt
214.63,-102.235,0.0,top,R24,,,R_0805_2012Metric_Pad1.20x1.40mm_HandSolder,10k,smt
214.5876,-104.4221,180.0,top,R25,,,R_0805_2012Metric_Pad1.20x1.40mm_HandSolder,10k,smt
214.5802,-106.7344,180.0,top,R26,,,R_0805_2012Metric_Pad1.20x1.40mm_HandSolder,10k,smt
243.84,-114.6556,180.0,top,R3,,,R_0805_2012Metric_Pad1.20x1.40mm_HandSolder,100k,smt
244.1448,-108.204,0.0,top,R4,,,R_0805_2012Metric_Pad1.20x1.40mm_HandSolder,470R,smt
208.28,-118.11,180.0,top,R5,,,R_0805_2012Metric_Pad1.20x1.40mm_HandSolder,3.3k,smt
217.0684,-123.5456,0.0,top,R6,,,R_0805_2012Metric_Pad1.20x1.40mm_HandSolder,1.3k,smt
208.28,-123.19,0.0,top,R7,,,R_0805_2012Metric_Pad1.20x1.40mm_HandSolder,1.3k,smt
210.254419,-86.653053,0.0,top,R8,,,R_0805_2012Metric_Pad1.20x1.40mm_HandSolder,100k,smt
210.254419,-88.745225,180.0,top,R9,,,R_0805_2012Metric_Pad1.20x1.40mm_HandSolder,100k,smt
244.475,-111.4497,0.0,bottom,SW1,,,Slide_DPDT_SMD_7.2x3.5mm,SW_DPDT_x2,tht
226.322605,-89.937492,0.0,top,U1,,,ESP32-WROOM-32,ESP32-WROOM-32,smt
235.585,-114.3,0.0,top,U2,,,SOT-23-5,MIC5219-3.3YM5,smt
214.63,-118.745,0.0,top,U3,,,SOIC-8-1EP_3.9x4.9mm_P1.27mm_EP2.41x3.3mm_ThermalVias,TP4056-42-ESOP8,smt
226.06,-111.76,90.0,top,U4,,,QFN-28-1EP_5x5mm_P0.5mm_EP3.35x3.35mm,CP2102N-Axx-xQFN28,smt
219.075,-112.395,0.0,top,U5,,,SOT_363_DIO,DDC114TU-7-F,smt
233.68,-104.14,90.0,top,U6,,,QFN24_4X4X0P9-0P5_TDK,MPU-6050,smt
208.4832,-94.8944,-90.0,top,U7,,,HTSSOP-16-1EP_4.4x5mm_P0.65mm_EP3.4x5mm_Mask2.46x2.31mm_ThermalVias,DRV8833PWP,smt
244.1956,-94.7928,-90.0,top,U8,,,HTSSOP-16-1EP_4.4x5mm_P0.65mm_EP3.4x5mm_Mask2.46x2.31mm_ThermalVias,DRV8833PWP,smt
220.98,-104.775,0.0,top,U9,,,SSOP-20_4.4x6.5mm_P0.65mm,PCF8574ATS,smt
